exchange,symbol,address
Binance,USDT,TAzsQ9Gx8eqFNFSKbeXrbi45CuVPHzA8wr
Bybit,USDT,TB1WQmj63bHV9Qmuhp39WABzutphMAetSc
MEXC,USDT,TB37WWozkkenGVYWD7Do2N5WT2CedqDktJ
Bitget,USDT,TBpo1Sh7vKCLrfxocZHd8CA5wc2R75kSJM
CoinEx,USDT,TDCx6xCJQoo3ZohxnDxkB1PnDe5fDfUkcx
Binance,USDT,TDqSquXBgUCLYvYC4XZgrprLK589dkhSCf
HTX,USDT,TDToUxX8sH4z6moQpK3ZLAN24eupu2ivA4
MEXC,USDT,TEPSrSYPDSQ7yXpMFPq91Fb1QEWpMkRGfn
BingX,USDT,TErZkyXAoG4K67hmdvFUh6EgNARNETLkXX
Bitget,USDT,TFfNrnZzHVMQ7DsHLvcTyvZheqabG4KW4W
Bitget,USDT,TJ7hhYhVhaxNx6BPyq7yFpqZrQULL3JSdb
Binance,USDT,TJCo98saj6WND61g1uuKwJ9GMWMT9WkJFo
Binance,USDT,TJDENsfBJs4RFETt1X1W8wMDc8M5XnJhCe
Bitunix,USDT,TJRkfdgdQTSTmfQQzFy8RR6o73eLCEorSH
Bitget,USDT,TKCFasXqJw3ezQiF1qYWYd78Edfb2NvpBV
Bybit,USDT,TKFvdC4UC1vtCoHZgn8eviK34kormXaqJ7
Bitunix,USDT,TKmiqjVG9jvYd9atx5qwhTRdQBf6rETsSg
Bitget,USDT,TKPqvBMU2v23RyjjViKvp16kiHPx7FnrHQ
Bitunix,USDT,TKXvBz4TmLMY5o1rirHndusiVT5Lj4i75E
Bitunix,USDT,TLvpkJy9cn695PZLU2fEKYbfVDDpUymZvR
OKX,USDT,TM1zzNDZD2DPASbKcgdVoTYhfmYgtfwx9R
Bitget,USDT,TMauqkA78pfysSTn8jD1dvEUkjme2gEEdn
Bitfinex,USDT,TMhJviFWiaxvqKLdng9dmsi1H5H5yTGEeu
Binance,USDT,TNXoiAJ3dct8Fjg4M9fkLFh9S2v9TXc32G
Binance,USDT,TQrY8tryqsYVCYS3MFbtffiPp2ccyn4STm
Bitunix,USDT,TQTn7XQmZ9p2jToTV2rPbrVLZSftaZjK9y
Bybit,USDT,TQVxjVy2sYt4at45ezD7VG4H6nQZtsua5C
Bybit,USDT,TS9PDCB6vzLYDCPr5Nas2yzekdr7ot6dxn
Bybit,USDT,TTH75Z9rfRgzCLNDDYBaR2WjUvuSDRtSMg
Bitunix,USDT,TTXc32nXdJMTkWakntMLZS88HUUjn1u4Ev
Bybit,USDT,TU4vEruvZwLLkSfV9bNw12EJTPvNr7Pvaa
BingX,USDT,TU72cTvdkWvoB7xgN5TXFtoXtUuWRuvUTm
Bitget,USDT,TUktrKwLLGGjks6DoN1zGta8muskbd9tnk
Bitunix,USDT,TVaRQRPJh3MT3AfGLVZuaTdJL8nd176tpB
BingX,USDT,TVPQLkVXvN7MduHWhD4Q7rGVyRdDu5R8F6
Bitget,USDT,TVrbQjKY1abxKekuG3ptR1r8S44i9mNUU9
Bitget,USDT,TVSdtELybCCa9DPDH15CMAPjeRcENAmDJZ
Binance,USDT,TWd4WrZ9wn84f5x1hZhL4DHvk738ns5jwb
Bitget,USDT,TWpNmnuq6EFMRnxWQTGGf47gjkkbtYJdbm
Bitfinex,USDT,TXFBqBbqJommqZf7BV8NNYzePh97UmJodJ
Bitunix,USDT,TXP66hCnRzRP4ZNbQcNSWcBV4C5JnHK51F
Binance,USDT,TYASr5UV6HEcXatwdFQfmLVUqQQQMUxHLS
Bybit,USDT,TYgFxMvvu2VHFJnxQf8fh1qVAeMfXZJZ3K
Bitget,USDT,TYPUgo9ZtYk34XgBHbCHJCaoYZ5RejhhVD
